,Bloomberg Code,symbol,level
0,2330 TT Equity,>,643.0
1,2330 TT Equity,>,636.0
2,2454 TT Equity,>,968.0
3,2454 TT Equity,>,941.0
4,2610 TT Equity,>,14.25
5,2610 TT Equity,>,14.25
6,2317 TT Equity,>,116.5
7,2317 TT Equity,>,116.5
8,8046 TT Equity,>,322.0
9,8046 TT Equity,>,308.0
10,2303 TT Equity,>,56.7
11,2303 TT Equity,>,55.2
12,2409 TT Equity,>,20.0
13,2409 TT Equity,>,18.45
14,2603 TT Equity,>,40.0
15,2603 TT Equity,>,37.35
16,3481 TT Equity,>,17.95
17,3481 TT Equity,>,16.85
18,3034 TT Equity,>,522.0
19,3034 TT Equity,>,520.0
20,2327 TT Equity,>,638.0
21,2327 TT Equity,>,632.0
22,2308 TT Equity,>,303.0
23,2308 TT Equity,>,299.5
24,2609 TT Equity,>,30.0
25,2609 TT Equity,>,28.95
26,2492 TT Equity,>,291.5
27,2492 TT Equity,>,283.0
28,6488 TT Equity,>,839.0
29,6488 TT Equity,>,798.0
30,2337 TT Equity,>,48.4
31,2337 TT Equity,>,47.85
32,2618 TT Equity,>,16.3
33,2618 TT Equity,>,15.4
34,3037 TT Equity,>,100.5
35,3037 TT Equity,>,96.4
36,3008 TT Equity,>,3590.0
37,3008 TT Equity,>,3425.0
38,8299 TT Equity,>,476.0
39,8299 TT Equity,>,476.0
40,6531 TT Equity,>,764.0
41,6531 TT Equity,>,743.0
42,3711 TT Equity,>,110.5
43,3711 TT Equity,>,106.0
44,3552 TT Equity,>,371.0
45,3552 TT Equity,>,348.0
46,3006 TT Equity,>,93.8
47,3006 TT Equity,>,93.8
48,2881 TT Equity,>,52.2
49,2881 TT Equity,>,51.2
50,2882 TT Equity,>,43.6
51,2882 TT Equity,>,42.7
52,2344 TT Equity,>,31.9
53,2344 TT Equity,>,31.9
54,4968 TT Equity,>,589.0
55,4968 TT Equity,>,581.0
56,4976 TT Equity,>,122.0
57,4976 TT Equity,>,115.0
58,1227 TT Equity,>,57.4
59,1227 TT Equity,>,57.0
60,6770 TT Equity,>,81.5
61,6770 TT Equity,>,76.5
62,3105 TT Equity,>,411.0
63,3105 TT Equity,>,410.0
64,4938 TT Equity,>,76.9
65,4938 TT Equity,>,75.2
66,6415 TT Equity,>,3000.0
67,6415 TT Equity,>,3000.0
68,6182 TT Equity,>,46.3
69,6182 TT Equity,>,43.65
70,3661 TT Equity,>,925.0
71,3661 TT Equity,>,911.0
72,2408 TT Equity,>,102.0
73,2408 TT Equity,>,102.0
74,2379 TT Equity,>,489.0
75,2379 TT Equity,>,484.0
76,8016 TT Equity,>,195.5
77,8016 TT Equity,>,179.0
78,3443 TT Equity,>,514.0
79,3443 TT Equity,>,497.0
80,2891 TT Equity,>,20.9
81,2891 TT Equity,>,20.5
82,2357 TT Equity,>,311.0
83,2357 TT Equity,>,303.5
84,2412 TT Equity,>,110.5
85,2412 TT Equity,>,110.0
86,3673 TT Equity,>,46.05
87,3673 TT Equity,>,46.05
88,3324 TT Equity,>,231.5
89,3324 TT Equity,>,219.0
90,1301 TT Equity,>,101.0
91,1301 TT Equity,>,101.0
92,6533 TT Equity,>,520.0
93,6533 TT Equity,>,493.0
94,2456 TT Equity,>,113.5
95,2456 TT Equity,>,109.0
96,2371 TT Equity,>,28.35
97,2371 TT Equity,>,27.6
98,1326 TT Equity,>,88.8
99,1326 TT Equity,>,85.9
100,2377 TT Equity,>,161.5
101,2377 TT Equity,>,157.0
102,2328 TT Equity,>,44.6
103,2328 TT Equity,>,42.6
104,5269 TT Equity,>,1750.0
105,5269 TT Equity,>,1750.0
106,3680 TT Equity,>,378.0
107,3680 TT Equity,>,355.5
108,3545 TT Equity,>,115.5
109,3545 TT Equity,>,112.5
110,3178 TT Equity,>,87.5
111,3178 TT Equity,>,87.5
112,5347 TT Equity,>,124.5
113,5347 TT Equity,>,124.0
114,2353 TT Equity,>,28.0
115,2353 TT Equity,>,27.5
116,6191 TT Equity,>,29.2
117,6191 TT Equity,>,27.15
118,6116 TT Equity,>,14.05
119,6116 TT Equity,>,14.05
120,2884 TT Equity,>,25.75
121,2884 TT Equity,>,25.5
122,2458 TT Equity,>,189.0
123,2458 TT Equity,>,184.0
124,2002 TT Equity,>,25.7
125,2002 TT Equity,>,25.3
126,1303 TT Equity,>,75.0
127,1303 TT Equity,>,74.0
128,1216 TT Equity,>,69.9
129,1216 TT Equity,>,69.8
130,9919 TT Equity,>,34.3
131,9919 TT Equity,>,29.55
132,2383 TT Equity,>,174.0
133,2383 TT Equity,>,163.5
134,1101 TT Equity,>,42.9
135,1101 TT Equity,>,42.75
136,3406 TT Equity,>,520.0
137,3406 TT Equity,>,506.0
138,6679 TT Equity,>,296.5
139,6679 TT Equity,>,293.5
140,3019 TT Equity,>,95.5
141,3019 TT Equity,>,95.5
142,2886 TT Equity,>,29.7
143,2886 TT Equity,>,29.6
144,4958 TT Equity,>,123.5
145,4958 TT Equity,>,120.5
146,3044 TT Equity,>,141.0
147,3044 TT Equity,>,141.0
148,5871 TT Equity,>,182.0
149,5871 TT Equity,>,182.0
150,5223 TT Equity,>,108.5
151,5223 TT Equity,>,108.5
152,5483 TT Equity,>,179.0
153,5483 TT Equity,>,175.0
154,2382 TT Equity,>,87.3
155,2382 TT Equity,>,86.5
156,2449 TT Equity,>,40.9
157,2449 TT Equity,>,40.2
158,2474 TT Equity,>,198.0
159,2474 TT Equity,>,198.0
160,3529 TT Equity,>,888.0
161,3529 TT Equity,>,854.0
162,2014 TT Equity,>,17.95
163,2014 TT Equity,>,17.65
164,3293 TT Equity,>,869.0
165,3293 TT Equity,>,841.0
166,2049 TT Equity,>,412.0
167,2049 TT Equity,>,407.5
168,4128 TT Equity,>,82.0
169,4128 TT Equity,>,82.0
170,2301 TT Equity,>,61.0
171,2301 TT Equity,>,60.7
172,2354 TT Equity,>,73.8
173,2354 TT Equity,>,73.0
174,2027 TT Equity,>,31.4
175,2027 TT Equity,>,30.45
176,3078 TT Equity,>,62.3
177,3078 TT Equity,>,62.3
178,2885 TT Equity,>,22.0
179,2885 TT Equity,>,21.85
180,4743 TT Equity,>,310.5
181,4743 TT Equity,>,305.0
182,9958 TT Equity,>,123.0
183,9958 TT Equity,>,115.0
184,6505 TT Equity,>,103.0
185,6505 TT Equity,>,103.0
186,5469 TT Equity,>,46.95
187,5469 TT Equity,>,45.4
188,3540 TT Equity,>,86.5
189,3540 TT Equity,>,86.5
190,8086 TT Equity,>,172.5
191,8086 TT Equity,>,170.5
192,2395 TT Equity,>,376.5
193,2395 TT Equity,>,369.0
194,3260 TT Equity,>,91.4
195,3260 TT Equity,>,89.4
196,6669 TT Equity,>,850.0
197,6669 TT Equity,>,848.0
198,005930 KS Equity,>,85300.0
199,005930 KS Equity,>,85200.0
200,048410 KS Equity,>,66300.0
201,048410 KS Equity,>,44950.0
202,000660 KS Equity,>,148500.0
203,000660 KS Equity,>,145000.0
204,000270 KS Equity,>,83200.0
205,000270 KS Equity,>,76900.0
206,035720 KS Equity,>,494500.0
207,035720 KS Equity,>,480000.0
208,323990 KS Equity,>,149900.0
209,323990 KS Equity,>,149900.0
210,005380 KS Equity,>,248500.0
211,005380 KS Equity,>,241000.0
212,003000 KS Equity,>,26300.0
213,003000 KS Equity,>,21500.0
214,051910 KS Equity,>,895000.0
215,051910 KS Equity,>,889000.0
216,338220 KS Equity,>,37600.0
217,338220 KS Equity,>,35050.0
218,256840 KS Equity,>,9600.0
219,256840 KS Equity,>,7710.0
220,035420 KS Equity,>,393000.0
221,035420 KS Equity,>,382000.0
222,006400 KS Equity,>,719000.0
223,006400 KS Equity,>,704000.0
224,066570 KS Equity,>,159000.0
225,066570 KS Equity,>,154500.0
226,011200 KS Equity,>,19000.0
227,011200 KS Equity,>,18000.0
228,096770 KS Equity,>,288500.0
229,096770 KS Equity,>,275000.0
230,068270 KS Equity,>,306000.0
231,068270 KS Equity,>,296000.0
232,139670 KS Equity,>,59900.0
233,139670 KS Equity,>,42900.0
234,028300 KS Equity,>,75400.0
235,028300 KS Equity,>,63200.0
236,012330 KS Equity,>,328000.0
237,012330 KS Equity,>,310000.0
238,326030 KS Equity,>,147500.0
239,326030 KS Equity,>,126500.0
240,011170 KS Equity,>,331000.0
241,011170 KS Equity,>,322000.0
242,091990 KS Equity,>,131100.0
243,091990 KS Equity,>,127200.0
244,004140 KS Equity,>,10700.0
245,004140 KS Equity,>,9390.0
246,005490 KS Equity,>,285500.0
247,005490 KS Equity,>,280500.0
248,068290 KS Equity,>,37450.0
249,068290 KS Equity,>,33450.0
250,019170 KS Equity,>,87100.0
251,019170 KS Equity,>,83400.0
252,006280 KS Equity,>,405000.0
253,006280 KS Equity,>,387500.0
254,034730 KS Equity,>,278000.0
255,034730 KS Equity,>,277500.0
256,017670 KS Equity,>,251500.0
257,017670 KS Equity,>,249500.0
258,055550 KS Equity,>,34100.0
259,055550 KS Equity,>,33650.0
260,011780 KS Equity,>,239000.0
261,011780 KS Equity,>,224500.0
262,036570 KS Equity,>,972000.0
263,036570 KS Equity,>,963000.0
264,096040 KS Equity,>,890.0
265,096040 KS Equity,>,861.0
266,009150 KS Equity,>,198500.0
267,009150 KS Equity,>,196000.0
268,034220 KS Equity,>,25050.0
269,034220 KS Equity,>,23900.0
270,096530 KS Equity,>,140000.0
271,096530 KS Equity,>,127800.0
272,105560 KS Equity,>,45000.0
273,105560 KS Equity,>,44950.0
274,304840 KS Equity,>,59900.0
275,304840 KS Equity,>,57900.0
276,009830 KS Equity,>,48250.0
277,009830 KS Equity,>,48250.0
278,028260 KS Equity,>,125500.0
279,028260 KS Equity,>,125500.0
280,086900 KS Equity,>,209500.0
281,086900 KS Equity,>,188500.0
282,003670 KS Equity,>,172500.0
283,003670 KS Equity,>,160500.0
284,032300 KS Equity,>,62700.0
285,032300 KS Equity,>,54800.0
286,086790 KS Equity,>,38000.0
287,086790 KS Equity,>,37050.0
288,207940 KS Equity,>,777000.0
289,207940 KS Equity,>,764000.0
290,015760 KS Equity,>,23700.0
291,015760 KS Equity,>,23350.0
292,121800 KS Equity,>,13000.0
293,121800 KS Equity,>,13000.0
294,375500 KS Equity,>,112500.0
295,375500 KS Equity,>,112500.0
296,051900 KS Equity,>,1595000.0
297,051900 KS Equity,>,1573000.0
298,071050 KS Equity,>,95900.0
299,071050 KS Equity,>,94500.0
300,011070 KS Equity,>,228000.0
301,011070 KS Equity,>,210000.0
302,010060 KS Equity,>,124500.0
303,010060 KS Equity,>,124000.0
304,086280 KS Equity,>,209500.0
305,086280 KS Equity,>,195000.0
306,003550 KS Equity,>,97300.0
307,003550 KS Equity,>,96300.0
308,120110 KS Equity,>,55600.0
309,120110 KS Equity,>,52500.0
310,336260 KS Equity,>,56200.0
311,336260 KS Equity,>,53700.0
312,068760 KS Equity,>,159800.0
313,068760 KS Equity,>,155900.0
314,067630 KS Equity,>,19350.0
315,067630 KS Equity,>,15900.0
316,033780 KS Equity,>,79800.0
317,033780 KS Equity,>,79300.0
318,088350 KS Equity,>,3435.0
319,088350 KS Equity,>,3255.0
320,028670 KS Equity,>,5870.0
321,028670 KS Equity,>,5580.0
322,003490 KS Equity,>,29200.0
323,003490 KS Equity,>,28800.0
324,285130 KS Equity,>,390500.0
325,285130 KS Equity,>,386500.0
326,005250 KS Equity,>,40800.0
327,005250 KS Equity,>,36950.0
328,047810 KS Equity,>,36450.0
329,047810 KS Equity,>,35250.0
330,009520 KS Equity,>,7950.0
331,009520 KS Equity,>,7950.0
332,047920 KS Equity,>,17200.0
333,047920 KS Equity,>,15350.0
334,064260 KS Equity,>,9030.0
335,064260 KS Equity,>,7720.0
336,011210 KS Equity,>,83300.0
337,011210 KS Equity,>,79200.0
338,027360 KS Equity,>,4470.0
339,027360 KS Equity,>,4040.0
340,036540 KS Equity,>,9130.0
341,036540 KS Equity,>,8830.0
342,032640 KS Equity,>,12400.0
343,032640 KS Equity,>,12400.0
344,006620 KS Equity,>,47500.0
345,006620 KS Equity,>,38400.0
346,204320 KS Equity,>,68000.0
347,204320 KS Equity,>,64500.0
348,018260 KS Equity,>,204500.0
349,018260 KS Equity,>,201000.0
350,090430 KS Equity,>,245000.0
351,090430 KS Equity,>,238500.0
352,010950 KS Equity,>,91500.0
353,010950 KS Equity,>,88400.0
354,011790 KS Equity,>,130000.0
355,011790 KS Equity,>,120500.0
356,020150 KS Equity,>,77900.0
357,020150 KS Equity,>,73800.0
358,293490 KS Equity,>,55200.0
359,293490 KS Equity,>,54100.0
360,009540 KS Equity,>,114000.0
361,009540 KS Equity,>,111500.0
362,352820 KS Equity,>,239500.0
363,352820 KS Equity,>,230500.0
364,000990 KS Equity,>,59600.0
365,000990 KS Equity,>,57300.0
366,053030 KS Equity,>,34200.0
367,053030 KS Equity,>,27650.0
368,032830 KS Equity,>,79100.0
369,032830 KS Equity,>,77100.0
370,272210 KS Equity,>,21250.0
371,272210 KS Equity,>,21250.0
372,097950 KS Equity,>,428500.0
373,097950 KS Equity,>,408500.0
374,004170 KS Equity,>,282000.0
375,004170 KS Equity,>,274000.0
376,008770 KS Equity,>,86300.0
377,008770 KS Equity,>,83600.0
378,251270 KS Equity,>,130000.0
379,251270 KS Equity,>,127500.0
380,030200 KS Equity,>,26750.0
381,030200 KS Equity,>,26350.0
382,144510 KS Equity,>,93800.0
383,144510 KS Equity,>,90000.0
384,010130 KS Equity,>,436500.0
385,010130 KS Equity,>,419500.0
386,025950 KS Equity,>,46500.0
387,025950 KS Equity,>,41650.0
388,340930 KS Equity,>,41000.0
389,340930 KS Equity,>,36050.0
390,011500 KS Equity,>,24900.0
391,011500 KS Equity,>,22700.0
392,139480 KS Equity,>,180000.0
393,139480 KS Equity,>,174500.0
394,004560 KS Equity,>,20600.0
395,004560 KS Equity,>,18100.0
396,268600 KS Equity,>,145000.0
397,268600 KS Equity,>,122800.0
398,9984 JT Equity,>,10435.0
399,9984 JT Equity,>,10360.0
400,7974 JT Equity,>,68760.0
401,7974 JT Equity,>,68450.0
402,9983 JT Equity,>,109400.0
403,9983 JT Equity,>,109400.0
404,8035 JT Equity,>,46490.0
405,8035 JT Equity,>,45350.0
406,6758 JT Equity,>,11685.0
407,6758 JT Equity,>,11345.0
408,7203 JT Equity,>,8111.0
409,7203 JT Equity,>,8111.0
410,6981 JT Equity,>,9572.0
411,6981 JT Equity,>,9566.0
412,8306 JT Equity,>,571.7
413,8306 JT Equity,>,571.5
414,6861 JT Equity,>,54530.0
415,6861 JT Equity,>,53850.0
416,6954 JT Equity,>,27765.0
417,6954 JT Equity,>,27680.0
418,8316 JT Equity,>,3831.0
419,8316 JT Equity,>,3798.0
420,6594 JT Equity,>,14235.0
421,6594 JT Equity,>,14185.0
422,2413 JT Equity,>,8616.0
423,2413 JT Equity,>,8517.0
424,6098 JT Equity,>,5560.0
425,6098 JT Equity,>,5508.0
426,4502 JT Equity,>,3633.0
427,4502 JT Equity,>,3620.0
428,6857 JT Equity,>,9550.0
429,6857 JT Equity,>,9050.0
430,4063 JT Equity,>,18285.0
431,4063 JT Equity,>,18140.0
432,6920 JT Equity,>,13930.0
433,6920 JT Equity,>,13930.0
434,9433 JT Equity,>,3402.0
435,9433 JT Equity,>,3390.0
436,3436 JT Equity,>,2625.0
437,3436 JT Equity,>,2581.0
438,7267 JT Equity,>,3059.0
439,7267 JT Equity,>,3059.0
440,6501 JT Equity,>,5150.0
441,6501 JT Equity,>,5142.0
442,9201 JT Equity,>,2590.0
443,9201 JT Equity,>,2529.0
444,6367 JT Equity,>,21950.0
445,6367 JT Equity,>,21950.0
446,9434 JT Equity,>,1449.5
447,9434 JT Equity,>,1443.5
448,6273 JT Equity,>,66050.0
449,6273 JT Equity,>,65830.0
450,8001 JT Equity,>,3246.0
451,8001 JT Equity,>,3238.0
452,4452 JT Equity,>,7217.0
453,4452 JT Equity,>,7192.0
454,8058 JT Equity,>,3067.0
455,8058 JT Equity,>,3067.0
456,8698 JT Equity,>,944.0
457,8698 JT Equity,>,897.0
458,6702 JT Equity,>,15640.0
459,6702 JT Equity,>,15280.0
460,4568 JT Equity,>,3246.0
461,4568 JT Equity,>,3205.0
462,6502 JT Equity,>,3555.0
463,6502 JT Equity,>,3510.0
464,9432 JT Equity,>,2814.5
465,9432 JT Equity,>,2798.0
466,8031 JT Equity,>,2353.5
467,8031 JT Equity,>,2353.5
468,8411 JT Equity,>,1608.5
469,8411 JT Equity,>,1602.5
470,9202 JT Equity,>,2643.5
471,9202 JT Equity,>,2605.5
472,9022 JT Equity,>,18115.0
473,9022 JT Equity,>,17845.0
474,9020 JT Equity,>,7945.0
475,9020 JT Equity,>,7919.0
476,7741 JT Equity,>,12865.0
477,7741 JT Equity,>,12795.0
478,6762 JT Equity,>,16050.0
479,6762 JT Equity,>,16040.0
480,6976 JT Equity,>,5700.0
481,6976 JT Equity,>,5630.0
482,4519 JT Equity,>,5111.0
483,4519 JT Equity,>,5005.0
484,8267 JT Equity,>,3543.0
485,8267 JT Equity,>,3403.0
486,2914 JT Equity,>,1940.0
487,2914 JT Equity,>,1935.5
488,8591 JT Equity,>,1861.0
489,8591 JT Equity,>,1858.5
490,3659 JT Equity,>,3530.0
491,3659 JT Equity,>,3515.0
492,8766 JT Equity,>,5394.0
493,8766 JT Equity,>,5392.0
494,6752 JT Equity,>,1454.0
495,6752 JT Equity,>,1454.0
496,6723 JT Equity,>,1233.0
497,6723 JT Equity,>,1228.0
498,4543 JT Equity,>,4199.0
499,4543 JT Equity,>,4199.0
500,6902 JT Equity,>,6660.0
501,6902 JT Equity,>,6660.0
502,2929 JT Equity,>,3345.0
503,2929 JT Equity,>,3165.0
504,4661 JT Equity,>,18425.0
505,4661 JT Equity,>,18350.0
506,9603 JT Equity,>,2599.0
507,9603 JT Equity,>,2510.0
508,4503 JT Equity,>,1778.5
509,4503 JT Equity,>,1775.0
510,7269 JT Equity,>,5052.0
511,7269 JT Equity,>,4805.0
512,4507 JT Equity,>,5921.0
513,4507 JT Equity,>,5764.0
514,7751 JT Equity,>,2382.0
515,7751 JT Equity,>,2356.5
516,4901 JT Equity,>,6343.0
517,4901 JT Equity,>,6333.0
518,5020 JT Equity,>,476.2
519,5020 JT Equity,>,475.7
520,5713 JT Equity,>,5532.0
521,5713 JT Equity,>,5471.0
522,4689 JT Equity,>,672.5
523,4689 JT Equity,>,672.5
524,5108 JT Equity,>,4324.0
525,5108 JT Equity,>,4320.0
526,9021 JT Equity,>,6620.0
527,9021 JT Equity,>,6618.0
528,4911 JT Equity,>,8321.0
529,4911 JT Equity,>,8222.0
530,6753 JT Equity,>,2098.0
531,6753 JT Equity,>,2058.0
532,6326 JT Equity,>,2511.5
533,6326 JT Equity,>,2511.5
534,8750 JT Equity,>,1940.0
535,8750 JT Equity,>,1940.0
536,6701 JT Equity,>,6090.0
537,6701 JT Equity,>,5990.0
538,7270 JT Equity,>,2070.0
539,7270 JT Equity,>,2048.5
540,4755 JT Equity,>,1218.0
541,4755 JT Equity,>,1218.0
542,6178 JT Equity,>,925.7
543,6178 JT Equity,>,916.0
544,8113 JT Equity,>,4523.0
545,8113 JT Equity,>,4416.0
546,3382 JT Equity,>,4302.0
547,3382 JT Equity,>,4169.0
548,2502 JT Equity,>,4829.0
549,2502 JT Equity,>,4829.0
550,6301 JT Equity,>,3324.0
551,6301 JT Equity,>,3324.0
552,6506 JT Equity,>,5580.0
553,6506 JT Equity,>,5480.0
554,7201 JT Equity,>,604.8
555,7201 JT Equity,>,592.7
556,4005 JT Equity,>,541.0
557,4005 JT Equity,>,541.0
558,1605 JT Equity,>,806.0
559,1605 JT Equity,>,792.0
560,5401 JT Equity,>,1617.0
561,5401 JT Equity,>,1613.5
562,8801 JT Equity,>,2549.0
563,8801 JT Equity,>,2549.0
564,7733 JT Equity,>,2290.5
565,7733 JT Equity,>,2290.5
566,8002 JT Equity,>,827.7
567,8002 JT Equity,>,827.4
568,6963 JT Equity,>,10950.0
569,6963 JT Equity,>,10930.0
570,4523 JT Equity,>,7744.0
571,4523 JT Equity,>,7605.0
572,8604 JT Equity,>,640.5
573,8604 JT Equity,>,636.9
574,7735 JT Equity,>,8930.0
575,7735 JT Equity,>,8890.0
576,7832 JT Equity,>,8739.0
577,7832 JT Equity,>,8570.0
578,9843 JT Equity,>,20630.0
579,9843 JT Equity,>,20630.0
580,8308 JT Equity,>,449.4
581,8308 JT Equity,>,446.4
582,4188 JT Equity,>,775.6
583,4188 JT Equity,>,766.9
584,9064 JT Equity,>,2886.0
585,9064 JT Equity,>,2877.0
586,6503 JT Equity,>,1626.5
587,6503 JT Equity,>,1626.5
588,9613 JT Equity,>,1654.0
589,9613 JT Equity,>,1647.0
590,6971 JT Equity,>,7136.0
591,6971 JT Equity,>,7128.0
592,8053 JT Equity,>,1595.0
593,8053 JT Equity,>,1595.0
594,6988 JT Equity,>,9290.0
595,6988 JT Equity,>,9260.0
596,6645 JT Equity,>,9250.0
597,6645 JT Equity,>,9250.0
598,700 HK Equity,>,722.0
599,700 HK Equity,>,717.0
600,3690 HK Equity,>,408.2
601,3690 HK Equity,>,378.0
602,388 HK Equity,>,566.0
603,388 HK Equity,>,514.5
604,9988 HK Equity,>,248.2
605,9988 HK Equity,>,243.0
606,1810 HK Equity,>,28.75
607,1810 HK Equity,>,27.5
608,1024 HK Equity,>,368.0
609,1024 HK Equity,>,329.8
610,1211 HK Equity,>,234.8
611,1211 HK Equity,>,218.0
612,2269 HK Equity,>,110.1
613,2269 HK Equity,>,102.2
614,2318 HK Equity,>,98.65
615,2318 HK Equity,>,96.25
616,3800 HK Equity,>,3.0
617,3800 HK Equity,>,2.45
618,941 HK Equity,>,56.9
619,941 HK Equity,>,55.15
620,2013 HK Equity,>,27.65
621,2013 HK Equity,>,25.15
622,883 HK Equity,>,10.6
623,883 HK Equity,>,10.08
624,1299 HK Equity,>,102.6
625,1299 HK Equity,>,101.8
626,6969 HK Equity,>,75.5
627,6969 HK Equity,>,72.05
628,175 HK Equity,>,28.0
629,175 HK Equity,>,27.15
630,939 HK Equity,>,6.45
631,939 HK Equity,>,6.28
632,9618 HK Equity,>,392.6
633,9618 HK Equity,>,378.6
634,2899 HK Equity,>,14.88
635,2899 HK Equity,>,13.0
636,5 HK Equity,>,48.25
637,5 HK Equity,>,48.25
638,493 HK Equity,>,2.55
639,493 HK Equity,>,2.38
640,9922 HK Equity,>,34.0
641,9922 HK Equity,>,30.9
642,981 HK Equity,>,27.2
643,981 HK Equity,>,25.75
644,1398 HK Equity,>,5.35
645,1398 HK Equity,>,5.19
646,9633 HK Equity,>,59.85
647,9633 HK Equity,>,57.3
648,6618 HK Equity,>,158.0
649,6618 HK Equity,>,153.0
650,27 HK Equity,>,79.45
651,27 HK Equity,>,75.85
652,2382 HK Equity,>,213.8
653,2382 HK Equity,>,211.2
654,6098 HK Equity,>,69.1
655,6098 HK Equity,>,69.1
656,1177 HK Equity,>,9.07
657,1177 HK Equity,>,9.07
658,3968 HK Equity,>,67.25
659,3968 HK Equity,>,65.0
660,2333 HK Equity,>,24.4
661,2333 HK Equity,>,23.4
662,909 HK Equity,>,53.75
663,909 HK Equity,>,48.85
664,6127 HK Equity,>,146.9
665,6127 HK Equity,>,144.0
666,2020 HK Equity,>,135.5
667,2020 HK Equity,>,128.4
668,2601 HK Equity,>,42.3
669,2601 HK Equity,>,38.9
670,2628 HK Equity,>,17.26
671,2628 HK Equity,>,17.06
672,9999 HK Equity,>,187.0
673,9999 HK Equity,>,179.3
674,1772 HK Equity,>,132.0
675,1772 HK Equity,>,113.7
676,968 HK Equity,>,18.76
677,968 HK Equity,>,17.28
678,1109 HK Equity,>,37.8
679,1109 HK Equity,>,37.8
680,3988 HK Equity,>,2.8
681,3988 HK Equity,>,2.77
682,3888 HK Equity,>,67.65
683,3888 HK Equity,>,60.25
684,992 HK Equity,>,10.38
685,992 HK Equity,>,10.08
686,268 HK Equity,>,33.95
687,268 HK Equity,>,30.55
688,1801 HK Equity,>,89.55
689,1801 HK Equity,>,83.0
690,1918 HK Equity,>,34.65
691,1918 HK Equity,>,34.6
692,241 HK Equity,>,28.4
693,241 HK Equity,>,27.1
694,291 HK Equity,>,66.5
695,291 HK Equity,>,62.3
696,1833 HK Equity,>,127.8
697,1833 HK Equity,>,122.0
698,6862 HK Equity,>,71.45
699,6862 HK Equity,>,66.7
700,1995 HK Equity,>,22.25
701,1995 HK Equity,>,20.25
702,6185 HK Equity,>,393.0
703,6185 HK Equity,>,388.8
704,788 HK Equity,>,1.22
705,788 HK Equity,>,1.19
706,6060 HK Equity,>,62.75
707,6060 HK Equity,>,57.65
708,688 HK Equity,>,20.9
709,688 HK Equity,>,18.76
710,16 HK Equity,>,125.1
711,16 HK Equity,>,125.0
712,3993 HK Equity,>,7.28
713,3993 HK Equity,>,7.01
714,6690 HK Equity,>,34.15
715,6690 HK Equity,>,31.7
716,1347 HK Equity,>,54.4
717,1347 HK Equity,>,51.8
718,2313 HK Equity,>,177.8
719,2313 HK Equity,>,166.8
720,2388 HK Equity,>,26.35
721,2388 HK Equity,>,25.25
722,1658 HK Equity,>,6.25
723,1658 HK Equity,>,5.93
724,1579 HK Equity,>,127.9
725,1579 HK Equity,>,119.6
726,8083 HK Equity,>,3.91
727,8083 HK Equity,>,3.44
728,3323 HK Equity,>,13.18
729,3323 HK Equity,>,12.16
730,1 HK Equity,>,62.0
731,1 HK Equity,>,58.85
732,2319 HK Equity,>,46.95
733,2319 HK Equity,>,44.7
734,857 HK Equity,>,2.96
735,857 HK Equity,>,2.84
736,136 HK Equity,>,13.66
737,136 HK Equity,>,13.26
738,2186 HK Equity,>,5.74
739,2186 HK Equity,>,5.3
740,1999 HK Equity,>,20.4
741,1999 HK Equity,>,18.4
742,2202 HK Equity,>,34.95
743,2202 HK Equity,>,31.35
744,386 HK Equity,>,4.62
745,386 HK Equity,>,4.44
746,3908 HK Equity,>,20.35
747,3908 HK Equity,>,19.38
748,358 HK Equity,>,23.7
749,358 HK Equity,>,21.5
750,2331 HK Equity,>,48.1
751,2331 HK Equity,>,46.85
752,6186 HK Equity,>,22.95
753,6186 HK Equity,>,22.4
754,6030 HK Equity,>,17.96
755,6030 HK Equity,>,17.5
756,522 HK Equity,>,119.4
757,522 HK Equity,>,110.0
758,960 HK Equity,>,46.3
759,960 HK Equity,>,42.45
760,914 HK Equity,>,52.85
761,914 HK Equity,>,50.85
762,2359 HK Equity,>,185.5
763,2359 HK Equity,>,173.7
764,1113 HK Equity,>,47.85
765,1113 HK Equity,>,47.6
766,1336 HK Equity,>,33.2
767,1336 HK Equity,>,32.7
768,285 HK Equity,>,46.85
769,285 HK Equity,>,45.4
770,1951 HK Equity,>,21.25
771,1951 HK Equity,>,19.2
772,2018 HK Equity,>,45.1
773,2018 HK Equity,>,43.1
774,1093 HK Equity,>,8.6
775,1093 HK Equity,>,8.35
776,1610 HK Equity,>,6.0
777,1610 HK Equity,>,5.45
778,2400 HK Equity,>,85.5
779,2400 HK Equity,>,78.7
780,966 HK Equity,>,17.64
781,966 HK Equity,>,16.48
782,1288 HK Equity,>,3.01
783,1288 HK Equity,>,3.0
784,669 HK Equity,>,131.0
785,669 HK Equity,>,122.5
786,708 HK Equity,>,59.4
787,708 HK Equity,>,53.6
788,9992 HK Equity,>,99.7
789,9992 HK Equity,>,90.8
790,1516 HK Equity,>,25.95
791,1516 HK Equity,>,23.3
792,288 HK Equity,>,7.13
793,288 HK Equity,>,6.75
794,3333 HK Equity,>,17.42
795,3333 HK Equity,>,17.2
796,916 HK Equity,>,12.16
797,916 HK Equity,>,11.78
798,002594 CS Equity,>,232.23
799,002594 CS Equity,>,213.48
800,000002 CS Equity,>,34.08
801,000002 CS Equity,>,30.02
802,300059 CS Equity,>,34.11
803,300059 CS Equity,>,33.61
804,000858 CS Equity,>,319.15
805,000858 CS Equity,>,294.0
806,300750 CS Equity,>,376.54
807,300750 CS Equity,>,347.08
808,000568 CS Equity,>,275.85
809,000568 CS Equity,>,248.4
810,002714 CS Equity,>,126.68
811,002714 CS Equity,>,126.15
812,000333 CS Equity,>,98.5
813,000333 CS Equity,>,95.2
814,000725 CS Equity,>,6.64
815,000725 CS Equity,>,6.33
816,002460 CS Equity,>,125.59
817,002460 CS Equity,>,110.98
818,300274 CS Equity,>,93.3
819,300274 CS Equity,>,88.88
820,300122 CS Equity,>,180.55
821,300122 CS Equity,>,170.83
822,002466 CS Equity,>,52.2
823,002466 CS Equity,>,48.3
824,000651 CS Equity,>,60.88
825,000651 CS Equity,>,57.53
826,300999 CS Equity,>,104.14
827,300999 CS Equity,>,94.65
828,000100 CS Equity,>,9.4
829,000100 CS Equity,>,8.76
830,300015 CS Equity,>,82.66
831,300015 CS Equity,>,77.55
832,000625 CS Equity,>,18.88
833,000625 CS Equity,>,17.43
834,002475 CS Equity,>,49.27
835,002475 CS Equity,>,47.88
836,002241 CS Equity,>,36.42
837,002241 CS Equity,>,33.82
838,002340 CS Equity,>,8.95
839,002340 CS Equity,>,8.57
840,300896 CS Equity,>,1077.0
841,300896 CS Equity,>,936.0
842,002415 CS Equity,>,59.1
843,002415 CS Equity,>,56.47
844,002230 CS Equity,>,51.23
845,002230 CS Equity,>,49.7
846,000001 CS Equity,>,22.68
847,000001 CS Equity,>,22.03
848,002352 CS Equity,>,111.33
849,002352 CS Equity,>,106.66
850,300014 CS Equity,>,94.92
851,300014 CS Equity,>,90.5
852,300142 CS Equity,>,52.37
853,300142 CS Equity,>,50.74
854,002304 CS Equity,>,203.44
855,002304 CS Equity,>,201.02
856,000703 CS Equity,>,20.35
857,000703 CS Equity,>,20.02
858,300677 CS Equity,>,219.47
859,300677 CS Equity,>,200.27
860,000157 CS Equity,>,14.45
861,000157 CS Equity,>,13.88
862,000799 CS Equity,>,156.8
863,000799 CS Equity,>,142.0
864,300347 CS Equity,>,167.79
865,300347 CS Equity,>,157.57
866,300760 CS Equity,>,439.51
867,300760 CS Equity,>,428.6
868,002030 CS Equity,>,34.6
869,002030 CS Equity,>,31.7
870,000807 CS Equity,>,10.74
871,000807 CS Equity,>,9.93
872,000338 CS Equity,>,24.36
873,000338 CS Equity,>,23.37
874,002493 CS Equity,>,40.3
875,002493 CS Equity,>,36.87
876,000960 CS Equity,>,18.35
877,000960 CS Equity,>,17.64
878,002027 CS Equity,>,11.72
879,002027 CS Equity,>,10.95
880,300124 CS Equity,>,97.59
881,300124 CS Equity,>,89.55
882,000661 CS Equity,>,451.82
883,000661 CS Equity,>,442.32
884,000488 CS Equity,>,12.22
885,000488 CS Equity,>,12.07
886,000963 CS Equity,>,36.3
887,000963 CS Equity,>,33.86
888,002371 CS Equity,>,201.2
889,002371 CS Equity,>,199.48
890,300951 CS Equity,>,155.0
891,300951 CS Equity,>,154.98
892,300595 CS Equity,>,114.5
893,300595 CS Equity,>,108.8
894,000713 CS Equity,>,17.12
895,000713 CS Equity,>,16.03
896,002142 CS Equity,>,42.95
897,002142 CS Equity,>,42.88
898,003035 CS Equity,>,6.71
899,003035 CS Equity,>,5.82
900,002271 CS Equity,>,51.59
901,002271 CS Equity,>,48.3
902,002385 CS Equity,>,10.45
903,002385 CS Equity,>,10.06
904,000063 CS Equity,>,32.99
905,000063 CS Equity,>,32.36
906,000977 CS Equity,>,34.62
907,000977 CS Equity,>,33.58
908,002092 CS Equity,>,12.38
909,002092 CS Equity,>,10.88
910,300115 CS Equity,>,24.5
911,300115 CS Equity,>,22.71
912,000630 CS Equity,>,3.34
913,000630 CS Equity,>,3.1
914,002202 CS Equity,>,16.45
915,002202 CS Equity,>,15.68
916,002812 CS Equity,>,114.9
917,002812 CS Equity,>,108.6
918,002184 CS Equity,>,23.1
919,002184 CS Equity,>,19.79
920,002402 CS Equity,>,24.59
921,002402 CS Equity,>,22.14
922,300618 CS Equity,>,102.3
923,300618 CS Equity,>,99.37
924,300782 CS Equity,>,637.8
925,300782 CS Equity,>,630.0
926,000009 CS Equity,>,11.07
927,000009 CS Equity,>,10.5
928,300433 CS Equity,>,32.2
929,300433 CS Equity,>,31.68
930,000538 CS Equity,>,146.59
931,000538 CS Equity,>,138.13
932,002601 CS Equity,>,47.68
933,002601 CS Equity,>,43.95
934,000425 CS Equity,>,7.3
935,000425 CS Equity,>,7.3
936,000998 CS Equity,>,20.1
937,000998 CS Equity,>,19.27
938,002405 CS Equity,>,18.23
939,002405 CS Equity,>,18.0
940,000933 CS Equity,>,9.8
941,000933 CS Equity,>,9.47
942,002139 CS Equity,>,11.99
943,002139 CS Equity,>,10.11
944,300003 CS Equity,>,32.64
945,300003 CS Equity,>,31.43
946,000066 CS Equity,>,17.68
947,000066 CS Equity,>,17.19
948,300144 CS Equity,>,20.99
949,300144 CS Equity,>,19.8
950,002001 CS Equity,>,44.6
951,002001 CS Equity,>,44.6
952,002074 CS Equity,>,43.1
953,002074 CS Equity,>,39.17
954,000584 CS Equity,>,9.29
955,000584 CS Equity,>,7.65
956,000830 CS Equity,>,18.35
957,000830 CS Equity,>,18.35
958,000878 CS Equity,>,17.91
959,000878 CS Equity,>,16.41
960,000656 CS Equity,>,7.74
961,000656 CS Equity,>,7.27
962,002647 CS Equity,>,9.44
963,002647 CS Equity,>,9.38
964,002008 CS Equity,>,50.18
965,002008 CS Equity,>,45.26
966,002002 CS Equity,>,3.86
967,002002 CS Equity,>,3.79
968,000876 CS Equity,>,26.5
969,000876 CS Equity,>,25.62
970,300315 CS Equity,>,6.22
971,300315 CS Equity,>,5.84
972,300949 CS Equity,>,127.48
973,300949 CS Equity,>,127.48
974,002311 CS Equity,>,79.64
975,002311 CS Equity,>,78.53
976,002709 CS Equity,>,90.05
977,002709 CS Equity,>,85.99
978,002127 CS Equity,>,11.9
979,002127 CS Equity,>,11.48
980,002064 CS Equity,>,17.76
981,002064 CS Equity,>,16.4
982,000718 CS Equity,>,5.19
983,000718 CS Equity,>,4.25
984,300450 CS Equity,>,87.42
985,300450 CS Equity,>,85.77
986,000776 CS Equity,>,16.73
987,000776 CS Equity,>,16.39
988,002129 CS Equity,>,27.83
989,002129 CS Equity,>,27.11
990,002028 CS Equity,>,26.77
991,002028 CS Equity,>,25.42
992,300033 CS Equity,>,148.58
993,300033 CS Equity,>,141.99
994,000831 CS Equity,>,20.63
995,000831 CS Equity,>,18.84
996,002145 CS Equity,>,10.94
997,002145 CS Equity,>,9.85
998,600519 CG Equity,>,2344.89
999,600519 CG Equity,>,2218.8
1000,601318 CG Equity,>,87.8
1001,601318 CG Equity,>,84.11
1002,601012 CG Equity,>,113.01
1003,601012 CG Equity,>,106.9
1004,601899 CG Equity,>,14.54
1005,601899 CG Equity,>,13.59
1006,600036 CG Equity,>,56.73
1007,600036 CG Equity,>,54.01
1008,600031 CG Equity,>,45.58
1009,600031 CG Equity,>,42.98
1010,600111 CG Equity,>,22.08
1011,600111 CG Equity,>,20.7
1012,601888 CG Equity,>,339.6
1013,601888 CG Equity,>,317.77
1014,601166 CG Equity,>,26.89
1015,601166 CG Equity,>,25.89
1016,600309 CG Equity,>,137.5
1017,600309 CG Equity,>,137.5
1018,603799 CG Equity,>,109.89
1019,603799 CG Equity,>,97.3
1020,600809 CG Equity,>,378.56
1021,600809 CG Equity,>,347.56
1022,603993 CG Equity,>,7.9
1023,603993 CG Equity,>,7.47
1024,600438 CG Equity,>,50.86
1025,600438 CG Equity,>,48.3
1026,600276 CG Equity,>,103.66
1027,600276 CG Equity,>,101.08
1028,600362 CG Equity,>,31.7
1029,600362 CG Equity,>,28.87
1030,600392 CG Equity,>,26.16
1031,600392 CG Equity,>,23.67
1032,600893 CG Equity,>,65.2
1033,600893 CG Equity,>,61.55
1034,600010 CG Equity,>,1.61
1035,600010 CG Equity,>,1.55
1036,600030 CG Equity,>,28.27
1037,600030 CG Equity,>,28.27
1038,601601 CG Equity,>,46.54
1039,601601 CG Equity,>,43.3
1040,603259 CG Equity,>,158.79
1041,603259 CG Equity,>,150.73
1042,600048 CG Equity,>,16.13
1043,600048 CG Equity,>,14.95
1044,600703 CG Equity,>,30.25
1045,600703 CG Equity,>,29.36
1046,600763 CG Equity,>,340.55
1047,600763 CG Equity,>,295.49
1048,600887 CG Equity,>,45.93
1049,600887 CG Equity,>,44.8
1050,601398 CG Equity,>,5.48
1051,601398 CG Equity,>,5.48
1052,600346 CG Equity,>,42.98
1053,600346 CG Equity,>,40.2
1054,600436 CG Equity,>,356.88
1055,600436 CG Equity,>,321.9
1056,600143 CG Equity,>,28.36
1057,600143 CG Equity,>,26.83
1058,600340 CG Equity,>,8.57
1059,600340 CG Equity,>,7.46
1060,603986 CG Equity,>,200.49
1061,603986 CG Equity,>,194.6
1062,601766 CG Equity,>,7.42
1063,601766 CG Equity,>,7.42
1064,603501 CG Equity,>,303.8
1065,603501 CG Equity,>,291.7
1066,600352 CG Equity,>,18.75
1067,600352 CG Equity,>,18.1
1068,600760 CG Equity,>,86.5
1069,600760 CG Equity,>,83.15
1070,600570 CG Equity,>,97.3
1071,600570 CG Equity,>,94.14
1072,600009 CG Equity,>,64.29
1073,600009 CG Equity,>,64.29
1074,601939 CG Equity,>,7.5
1075,601939 CG Equity,>,7.22
1076,600219 CG Equity,>,4.83
1077,600219 CG Equity,>,4.62
1078,601919 CG Equity,>,13.31
1079,601919 CG Equity,>,13.19
1080,601216 CG Equity,>,6.8
1081,601216 CG Equity,>,6.43
1082,600660 CG Equity,>,52.21
1083,600660 CG Equity,>,50.25
1084,600585 CG Equity,>,54.86
1085,600585 CG Equity,>,54.86
1086,600584 CG Equity,>,42.19
1087,600584 CG Equity,>,41.51
1088,600745 CG Equity,>,112.58
1089,600745 CG Equity,>,105.6
1090,601127 CG Equity,>,19.34
1091,601127 CG Equity,>,18.07
1092,601658 CG Equity,>,6.27
1093,601658 CG Equity,>,6.17
1094,601600 CG Equity,>,4.63
1095,601600 CG Equity,>,4.29
1096,601668 CG Equity,>,5.18
1097,601668 CG Equity,>,5.18
1098,600460 CG Equity,>,29.34
1099,600460 CG Equity,>,29.34
1100,601155 CG Equity,>,52.02
1101,601155 CG Equity,>,46.92
1102,600089 CG Equity,>,13.45
1103,600089 CG Equity,>,12.38
1104,601633 CG Equity,>,36.36
1105,601633 CG Equity,>,33.8
1106,600316 CG Equity,>,49.68
1107,600316 CG Equity,>,48.5
1108,600900 CG Equity,>,19.95
1109,600900 CG Equity,>,19.81
1110,600019 CG Equity,>,8.08
1111,600019 CG Equity,>,7.69
1112,601377 CG Equity,>,9.35
1113,601377 CG Equity,>,8.88
1114,600028 CG Equity,>,4.78
1115,600028 CG Equity,>,4.72
1116,601168 CG Equity,>,18.22
1117,601168 CG Equity,>,17.27
1118,600711 CG Equity,>,9.6
1119,600711 CG Equity,>,9.03
1120,600176 CG Equity,>,25.04
1121,600176 CG Equity,>,23.65
1122,600516 CG Equity,>,8.28
1123,600516 CG Equity,>,7.61
1124,688185 CG Equity,>,517.79
1125,688185 CG Equity,>,508.88
1126,601288 CG Equity,>,3.29
1127,601288 CG Equity,>,3.24
1128,688981 CG Equity,>,58.6
1129,688981 CG Equity,>,57.45
1130,601628 CG Equity,>,36.17
1131,601628 CG Equity,>,34.86
1132,601636 CG Equity,>,15.69
1133,601636 CG Equity,>,15.69
1134,600426 CG Equity,>,49.63
1135,600426 CG Equity,>,44.21
1136,601100 CG Equity,>,106.49
1137,601100 CG Equity,>,100.03
1138,600549 CG Equity,>,23.09
1139,600549 CG Equity,>,21.67
1140,601607 CG Equity,>,21.0
1141,601607 CG Equity,>,18.83
1142,601233 CG Equity,>,28.11
1143,601233 CG Equity,>,27.28
1144,600690 CG Equity,>,31.86
1145,600690 CG Equity,>,30.11
1146,601995 CG Equity,>,60.8
1147,601995 CG Equity,>,60.0
1148,601336 CG Equity,>,55.33
1149,601336 CG Equity,>,53.5
1150,601688 CG Equity,>,17.64
1151,601688 CG Equity,>,17.6
1152,600999 CG Equity,>,22.06
1153,600999 CG Equity,>,21.69
1154,601618 CG Equity,>,3.58
1155,601618 CG Equity,>,3.35
1156,601963 CG Equity,>,14.11
1157,601963 CG Equity,>,12.98
1158,600295 CG Equity,>,20.05
1159,600295 CG Equity,>,19.21
1160,603288 CG Equity,>,186.0
1161,603288 CG Equity,>,176.97
1162,603678 CG Equity,>,65.5
1163,603678 CG Equity,>,61.51
1164,688111 CG Equity,>,385.0
1165,688111 CG Equity,>,364.47
1166,600383 CG Equity,>,13.5
1167,600383 CG Equity,>,12.32
1168,601966 CG Equity,>,48.65
1169,601966 CG Equity,>,47.16
1170,601390 CG Equity,>,6.06
1171,601390 CG Equity,>,5.7
1172,601818 CG Equity,>,4.34
1173,601818 CG Equity,>,4.22
1174,601118 CG Equity,>,6.18
1175,601118 CG Equity,>,5.92
1176,688008 CG Equity,>,90.34
1177,688008 CG Equity,>,85.38
1178,600196 CG Equity,>,47.68
1179,600196 CG Equity,>,46.25
1180,600000 CG Equity,>,10.98
1181,600000 CG Equity,>,10.81
1182,601009 CG Equity,>,9.33
1183,601009 CG Equity,>,9.23
1184,600489 CG Equity,>,10.49
1185,600489 CG Equity,>,10.2
1186,601088 CG Equity,>,18.75
1187,601088 CG Equity,>,18.24
1188,600588 CG Equity,>,40.63
1189,600588 CG Equity,>,39.19
1190,600409 CG Equity,>,14.85
1191,600409 CG Equity,>,14.33
1192,688183 CG Equity,>,23.27
1193,688183 CG Equity,>,22.32
1194,600104 CG Equity,>,22.1
1195,600104 CG Equity,>,21.45
1196,600132 CG Equity,>,146.39
1197,600132 CG Equity,>,138.8
